"","Cont","Variable","CHROM","GENPOS","ID","ALLELE0","ALLELE1","A1FREQ","INFO","TEST","BETA","SE","CHISQ","LOG10P","p","Selected"
"1","Cont1","c21",1,167810140,"rs80136977","A","G",0.975306,0.980705,"ADD",0.192142,0.045897,17.5257,4.54752,2.83452309587143e-05,"Yes"
"2","Cont12","WM_OD_ForcepsMinor",12,79482725,"rs73353563","T","G",0.989369,0.998111,"ADD",-0.00344313,0.000786968,19.1422,4.91603,1.21330503542751e-05,"Yes"
"3","Cont12","WM_OD_ForcepsMinor",12,79482809,"rs17046359","G","A",0.988604,0.998241,"ADD",-0.00343311,0.000753225,20.7742,5.28673,5.1673752410347e-06,"Yes"
"4","Cont12","WM_OD_ForcepsMinor",12,79483041,"rs17046362","A","G",0.989364,0.998098,"ADD",-0.00343953,0.000786783,19.1112,4.90898,1.23316162111263e-05,"Yes"
"5","Cont12","WM_OD_ForcepsMinor",12,79486100,"rs73353583","G","T",0.989345,0.998706,"ADD",-0.0034231,0.000785843,18.9743,4.87782,1.32489054259292e-05,"Yes"
"6","Cont12","WM_OD_ForcepsMinor",12,79486799,"rs59601041","G","A",0.989341,0.998731,"ADD",-0.00342133,0.000785704,18.9615,4.8749,1.3338285221741e-05,"Yes"
"7","Cont12","WM_OD_ForcepsMinor",12,79487487,"rs551714767","AT","A",0.98934,0.99757,"ADD",-0.00343462,0.000786136,19.0881,4.90372,1.24818799141972e-05,"Yes"
"8","Cont12","WM_OD_ForcepsMinor",12,79487817,"rs73353584","T","C",0.98934,0.999032,"ADD",-0.00341876,0.000785534,18.9412,4.87028,1.34809345438146e-05,"Yes"
"9","Cont12","WM_OD_ForcepsMinor",12,79488222,"rs75411783","G","A",0.989337,0.999165,"ADD",-0.00341616,0.000785392,18.9192,4.86528,1.36370364087454e-05,"Yes"
"10","Cont12","WM_OD_ForcepsMinor",12,79488561,"rs17046363","G","C",0.989337,0.999225,"ADD",-0.00341611,0.000785358,18.9204,4.86553,1.36291885585681e-05,"Yes"
"11","Cont12","WM_OD_ForcepsMinor",12,79488769,"rs17046367","C","T",0.989336,0.999256,"ADD",-0.00341534,0.000785286,18.9153,4.86438,1.3665326104438e-05,"Yes"
"12","Cont12","WM_OD_ForcepsMinor",12,79490024,"rs67300523","G","C",0.989333,0.999599,"ADD",-0.00341146,0.00078504,18.8841,4.85728,1.38905678445285e-05,"Yes"
"13","Cont12","WM_OD_ForcepsMinor",12,79490164,"rs68161661","A","G",0.989331,0.99962,"ADD",-0.00341092,0.000784983,18.881,4.85656,1.39136155786279e-05,"Yes"
"14","Cont12","WM_OD_ForcepsMinor",12,79490858,"rs73355503","A","T",0.98933,0.999872,"ADD",-0.00340813,0.000784823,18.8577,4.85127,1.40841291872408e-05,"Yes"
"15","Cont12","WM_OD_ForcepsMinor",12,79491305,"rs78005227","T","C",0.989342,0.998637,"ADD",-0.00341583,0.000785785,18.8966,4.86013,1.37997112764943e-05,"Yes"
"16","Cont12","WM_OD_ForcepsMinor",12,79492485,"rs73355511","T","C",0.98933,0.999515,"ADD",-0.00340952,0.000784932,18.8678,4.85358,1.40094149820928e-05,"Yes"
"17","Cont12","WM_OD_ForcepsMinor",12,79493440,"rs80024105","AG","A",0.988966,0.974347,"ADD",-0.00345317,0.000777974,19.7018,5.04327,9.05169683774582e-06,"Yes"
"18","Cont12","WM_OD_ForcepsMinor",12,79494229,"rs73355514","G","C",0.989332,0.999011,"ADD",-0.00341512,0.000785138,18.9199,4.86543,1.36323271565392e-05,"Yes"
"19","Cont12","WM_OD_ForcepsMinor",12,79494473,"rs73355516","A","G",0.989332,0.999011,"ADD",-0.00341512,0.000785138,18.9199,4.86543,1.36323271565392e-05,"Yes"
"20","Cont12","WM_OD_ForcepsMinor",12,79494691,"rs73355518","A","G",0.989333,0.998937,"ADD",-0.00341537,0.000785188,18.9203,4.86553,1.36291885585681e-05,"Yes"
"21","Cont12","WM_OD_ForcepsMinor",12,79503598,"rs10506809","G","T",0.989674,0.995419,"ADD",-0.00334075,0.00080246,17.3317,4.5032,3.13906276913766e-05,"No"
"22","Cont12","WM_OD_ForcepsMinor",12,79504803,"12:79504803_TG_T","T","TG",0.989358,0.994349,"ADD",-0.00349432,0.000787513,19.6883,5.04021,9.11569949620741e-06,"No"
"23","Cont12","WM_OD_ForcepsMinor",12,79506862,"rs17005224","A","G",0.989662,0.99378,"ADD",-0.00335411,0.000802515,17.4682,4.5344,2.92146037387733e-05,"Yes"
"24","Cont12","WM_OD_ForcepsMinor",12,79510849,"rs73355541","A","G",0.989336,0.988872,"ADD",-0.00352044,0.000788566,19.9305,5.09523,8.031006917761e-06,"Yes"
"25","Cont12","WM_OD_ForcepsMinor",12,79510944,"rs79469272","G","A",0.989687,0.993937,"ADD",-0.00335737,0.000803196,17.4725,4.53537,2.91494255161599e-05,"Yes"
"26","Cont12","WM_OD_ForcepsMinor",12,79511110,"rs73355544","G","A",0.989411,0.993998,"ADD",-0.00353622,0.000789247,20.0749,5.12804,7.4466338471503e-06,"Yes"
"27","Cont12","WM_OD_ForcepsMinor",12,79513634,"rs74560629","G","A",0.989688,0.993155,"ADD",-0.00336143,0.000803422,17.505,4.54279,2.865563257637e-05,"Yes"
"28","Cont12","WM_OD_ForcepsMinor",12,79516363,"rs79104808","A","T",0.989691,0.992338,"ADD",-0.00336527,0.000803705,17.5327,4.54912,2.82409953955943e-05,"Yes"
"29","Cont12","WM_OD_ForcepsMinor",12,79517330,"rs78268266","G","A",0.989749,0.991062,"ADD",-0.00339105,0.000806447,17.6814,4.58308,2.611680220811e-05,"Yes"
"30","Cont12","WM_OD_ForcepsMinor",12,79517364,"rs79334605","A","T",0.989749,0.991062,"ADD",-0.00339105,0.000806447,17.6814,4.58308,2.611680220811e-05,"Yes"
"31","Cont12","WM_OD_ForcepsMinor",12,79518744,"rs4623969","A","G",0.98975,0.990715,"ADD",-0.00339229,0.000806526,17.6909,4.58525,2.59866322172589e-05,"Yes"
"32","Cont12","WM_OD_ForcepsMinor",12,79519746,"rs2049599","C","T",0.989751,0.990423,"ADD",-0.00339474,0.000806631,17.7118,4.59003,2.57021823225094e-05,"Yes"
"33","Cont12","WM_OD_ForcepsMinor",12,79523797,"rs75618936","A","T",0.989709,0.986557,"ADD",-0.00339452,0.000805261,17.7698,4.60326,2.49310172957136e-05,"Yes"
"34","Cont12","WM_OD_ForcepsMinor",12,79524642,"rs77312623","A","C",0.989712,0.986282,"ADD",-0.00339333,0.000805418,17.7505,4.59886,2.51848866173868e-05,"Yes"
"35","Cont12","WM_OD_ForcepsMinor",12,79525109,"rs61418932","G","C",0.989422,0.985059,"ADD",-0.00358037,0.000791406,20.4672,5.21708,6.06624574919575e-06,"Yes"
"36","Cont16","c111",16,50348577,"rs3813755","C","T",0.812342,0.995476,"ADD",-0.0882025,0.0210891,17.4922,4.53988,2.88482850058442e-05,"Yes"
"37","Cont16","c111",16,50350210,"rs1872691","A","G",0.812196,0.996373,"ADD",-0.0891007,0.021107,17.82,4.61472,2.42817509286869e-05,"Yes"
"38","Cont16","c7",16,24046568,"rs3785383","G","A",0.46148,0.986948,"ADD",-0.068776,0.015651,19.3102,4.95424,1.11111753134919e-05,"Yes"
"39","Cont16","c7",16,24047526,"rs8056290","C","A",0.45931,0.987438,"ADD",-0.0658989,0.0156625,17.7025,4.58789,2.58291431959175e-05,"Yes"
"40","Cont17","c20",17,66546888,"17:66546888_CA_C","C","CA",0.975728,0.9831,"ADD",0.238077,0.0489718,23.6342,5.93369,1.16495728081432e-06,"No"
"41","Cont17","WM_OD_SLF_Left",17,64622646,"rs369471693","AT","A",0.626411,0.888092,"ADD",-0.000789718,0.000187707,17.7005,4.58743,2.58565156376953e-05,"No"
"42","Cont7","c106",7,151397343,"rs6947064","G","A",0.626109,1,"ADD",0.0771212,0.0170502,20.4591,5.21525,6.09186120568194e-06,"Yes"
"43","Cont7","c106",7,151398668,"rs2888788","G","A",0.653978,0.980297,"ADD",0.0841206,0.0175072,23.0871,5.81015,1.54828176897434e-06,"Yes"
"44","Cont7","c106",7,151398710,"rs7786782","A","G",0.657368,0.979387,"ADD",0.0827856,0.0175778,22.181,5.60534,2.48118987345991e-06,"Yes"
"45","Cont7","c106",7,151400603,"rs80299807","AT","A",0.644806,0.964464,"ADD",0.0824771,0.017483,22.2554,5.62218,2.38682182301606e-06,"No"
"46","Cont7","c106",7,151405818,"rs10480299","C","T",0.719483,0.992589,"ADD",0.0777361,0.0184881,17.6791,4.58256,2.61480917394514e-05,"Yes"
"47","Cont7","c106",7,151415041,"rs10224002","G","A",0.707664,1,"ADD",0.0785712,0.0181107,18.8215,4.84304,1.43535722597931e-05,"Yes"
"48","Cont7","c106",7,151415233,"rs73158188","T","C",0.71226,0.994627,"ADD",0.0769431,0.0182313,17.8117,4.61283,2.43876526052422e-05,"Yes"
"49","Cont7","c106",7,151415536,"rs10254101","T","C",0.70921,0.992793,"ADD",0.0786103,0.0182159,18.6234,4.79792,1.59250204975275e-05,"Yes"
"50","Cont7","c106",7,151415746,"7:151415746_GT_G","G","GT",0.687498,0.986929,"ADD",0.0746744,0.0179142,17.3761,4.51334,3.06662025599129e-05,"No"
"51","Cont7","c20",7,93295628,"rs62465540","A","G",0.964153,0.97536,"ADD",0.178115,0.0407416,19.1129,4.90937,1.23205472895537e-05,"Yes"
"52","Cont7","c20",7,93307750,"rs62468660","T","C",0.964111,0.968518,"ADD",0.178812,0.0408676,19.144,4.91643,1.21218805465999e-05,"Yes"
"53","Cont7","c29",7,2783929,"rs798507","T","C",0.984881,0.806077,"ADD",0.288463,0.0684897,17.739,4.59624,2.53372805367281e-05,"Yes"
"54","Cont7","WM_OD_IFOF_Left",7,93528958,"rs76863165","A","C",0.96972,1,"ADD",0.00225866,0.000500854,20.3367,5.18747,6.49426490819512e-06,"Yes"
"55","Cont7","WM_OD_SLF_Right",7,2879610,"rs141892450","A","C",0.978046,0.97398,"ADD",0.00254321,0.000601683,17.8662,4.62526,2.3699544552033e-05,"Yes"
"56","Cont7","WM_OD_SLF_Right",7,50602310,"rs796354214","T","TA",0.133458,0.970836,"ADD",-0.00108595,0.000259994,17.446,4.52931,2.95590178656709e-05,"Yes"
"57","Cont9","c111",9,80376051,"rs77433227","T","C",0.971245,0.937989,"ADD",0.226733,0.0513897,19.466,4.98966,1.02409442047497e-05,"Yes"
"58","Cont9","c111",9,80394298,"rs11515757","C","T",0.969555,0.952401,"ADD",0.207436,0.0491627,17.8032,4.61088,2.44974003652458e-05,"Yes"
"59","Cont9","GeneralCog",9,80204047,"rs118186402","A","T",0.98485,0.914343,"ADD",0.504976,0.111711,20.4339,5.20953,6.17262651422562e-06,"Yes"
