Name,a,b,c,ab.boost,CI.2.5,CI.97.5
rs75618936(SYT1),0.0022 (8e-04),0.0065 (0.0454),0.1623 (0.0061),0 (1e-04),-2e-04,2e-04
rs78005227(SYT1),0.0025 (8e-04),-0.0408 (0.0443),0.1623 (0.0061),-1e-04 (1e-04),-4e-04,1e-04
rs79104808(SYT1),0.0022 (8e-04),0.0023 (0.0452),0.1623 (0.0061),0 (1e-04),-2e-04,2e-04
Age,-0.0949 (0.0061),-0.4319 (0.0055),0.1623 (0.0055),0.0411 (0.0029),0.0356,0.0468
rs74560629(SYT1),0.0022 (8e-04),0.0023 (0.0452),0.1623 (0.0061),0 (1e-04),-2e-04,2e-04
rs62465540(NA),-1e-04 (2e-04),0.136 (0.1693),0.1623 (0.0061),0 (0),-1e-04,1e-04
rs62468660(NA),-1e-04 (2e-04),0.1117 (0.1745),0.1623 (0.0061),0 (0),-1e-04,1e-04
rs10224002(PRKAG2),-0.0014 (0.0016),0.0162 (0.0233),0.1623 (0.0061),0 (1e-04),-2e-04,1e-04
ForcepsMinor (ICVF),0.0235 (0.0062),0.1576 (0.006),0.1623 (0.006),0.0037 (0.001),0.0017,0.0057
SLF_L (ICVF),0.0305 (0.0062),0.1602 (0.006),0.1623 (0.006),0.0049 (0.001),0.0029,0.007
rFPN-rDMN,-0.0239 (0.0062),-0.0466 (0.0061),0.1623 (0.0061),0.0011 (3e-04),5e-04,0.0018
rs10254101(PRKAG2),0.0032 (0.0029),0.0405 (0.0128),0.1623 (0.0061),1e-04 (1e-04),-1e-04,4e-04
rs8056290(PRKCB),-0.0029 (0.0031),-0.0483 (0.0123),0.1623 (0.0061),1e-04 (2e-04),-1e-04,5e-04
dDMN-ECN,-0.0026 (0.0062),0.0562 (0.0061),0.1623 (0.0061),-2e-04 (3e-04),-8e-04,5e-04
rs3785383(PRKCB),0.0027 (0.0024),0.0225 (0.0159),0.1623 (0.0061),1e-04 (1e-04),-1e-04,3e-04
IFOF_L (ICVF),0.032 (0.0062),0.1442 (0.006),0.1623 (0.006),0.0046 (9e-04),0.0029,0.0065
Sex,0.0071 (0.0031),-0.026 (0.0122),0.1623 (0.0061),-2e-04 (1e-04),-5e-04,0
rs2888788(PRKAG2),-0.0068 (0.0031),-0.0557 (0.0122),0.1623 (0.0061),4e-04 (2e-04),0,8e-04
rs7786782(PRKAG2),-0.0011 (0.003),0.0438 (0.0126),0.1623 (0.0061),0 (1e-04),-3e-04,2e-04
rs6947064(PRKAG2),9e-04 (0.002),0.043 (0.0188),0.1623 (0.0061),0 (1e-04),-1e-04,2e-04
rs80299807,-0.0062 (0.0031),-0.057 (0.0122),0.1623 (0.0061),4e-04 (2e-04),0,8e-04
rs1872691(BRD7-ADCY7),0.0033 (0.0027),0.0087 (0.0138),0.1623 (0.0061),0 (1e-04),-1e-04,2e-04
